almonds,pantry
american cheese,pantry
avocado spray,pantry
avocados,fridge
baby bell cheese,fridge
bagels,fridge
basil,fridge
red beans,fridge
blue cheese,chest
bread (gluten free),chest
bread (wheat),chest
bread (white),chest
brown sugar,chest
butter,chest
carrots,chest
cashews,chest
celsius,chest
chicken breast,chest
chicken broth,chest
chicken burgers (baked),chest
chicken burgers (fried),chest
chicken nuggets,chest
chicken wings,chest
Chik-fil-a sauce,chest
chili powder,chest
chocolate chips,chest
cilantro,chest
cinnamon,chest
clorox cleaner and bleach,chest
clorox clinging bleach gel,chest
cocktail sauce,chest
coconut milk,chest
coconut oil,chest
coffee,chest
coffee creamer,chest
coffee filters,chest
coriander,chest
corn flour,chest
corn starch,chest
crackers,chest
cucumbers,chest
cumin,chest
curry powder,chest
dawn power wash dish spray,chest
dijon mustard,chest
dill,chest
dressing (Italian),chest
dressing (Ranch),chest
eggs,chest
feta cheese,chest
flour,chest
flour (gluten free),chest
french fries,chest
fresh ginger,chest
frozen fruit,chest
frozen vegetables,chest
fruit,chest
garlic cloves,chest
garlic shrimp,chest
general tso,chest
ginger,chest
gravy mix,chest
greek yogurt,chest
ground turkey,chest
hamburger buns,chest
hand soap,chest
heavy cream,chest
honey,chest
ice cream,chest
Japanese bbq sauce,chest
jelly,chest
Kerry-gold butter,chest
ketchup,chest
lemon juice,chest
lime juice,chest
liquid IV,chest
Mac & cheese,chest
maple syrup,chest
mayonnaise,chest
Meyers clean day multi surface cleaner,chest
milk,chest
mozzarella sticks,chest
mr clean lemon mopping,chest
mustard,chest
nacho chips,chest
olive oil,chest
onion (red),chest
onion (yellow),chest
oregano,chest
paper towels,chest
parmesan cheese,chest
parsley,chest
pasta,chest
pasta (gluten free),chest
peanut butter,chest
pepperoni,chest
pickles,chest
pinto beans,chest
pizza (gluten free),chest
pizza (regular),chest
potato chips,chest
potatoes,chest
potatoes (red),chest
red chili flakes,chest
red curry paste,chest
red pepper,chest
red pepper flakes,chest
rice,chest
rice cakes,chest
rice noodles,chest
romaine lettuce,chest
salad mix,chest
salsa,chest
scrubbing bubbles bathroom grime fighter,chest
seltzer water,chest
shredded cheddar,chest
shredded mozzarella,chest
Sliced cheddar,chest
soda,chest
sour cream (low fat),chest
sour cream (regular),chest
spaghetti sauce,chest
spinach,chest
sriracha,chest
sugar,chest
sun dried tomatoes,chest
tater tots,chest
tea bags,chest
Tillamark cheese squares,chest
toilet paper,chest
tomato paste,chest
tomato puree,chest
tomatoes,chest
tortillas,chest
tortillas (gluten free),chest
tuna cans,chest
tzatziki sauce,chest
waffle mix,chest
waffles,chest
waffles (gluten free),chest
walnuts,chest
whey protein,chest
whipped cream,chest
white wine vinegar,chest
yeast,chest
yogurt,chest
chia seeds,chest
